<?xml version="1.0" encoding="UTF-8" standalone="yes"?>
<addon id="repository.Dirtywaterbrewing" name="DWB Repository" version="1.0" provider-name="Dirty Water Brewing">
	<extension point="xbmc.addon.repository" name="DMB Repository">
		<info compressed="false">https://raw.githubusercontent.com/Dirtywaterbrewing/Addons/master/addons.xml</info>
		<checksum>https://raw.githubusercontent.com/Dirtywaterbrewing/Addons/master/addons.xml.md5</checksum>
		<datadir zip="true">https://github.com/Dirtywaterbrewing/Addons/raw/master/</datadir>
	</extension>
	<extension point="xbmc.addon.metadata">
		<summary>DWB Custom Kodi Build Repository</summary>
		<description>DWB Builds</description>
		<platform>all</platform>
	</extension>
</addon>
